{"cameraMode":{"drawMode":0,"name":"Shaded","section":"Shading Mode"},"sceneLighting":false,"audioPlay":false,"sceneViewState":{"showFog":true,"showMaterialUpdate":false,"showSkybox":false,"showFlares":true,"showImageEffects":true,"showParticleSystems":true},"in2DMode":false,"pivot":{"x":12.496583938598633,"y":-1.4550106525421143,"z":269.5084228515625},"rotation":{"x":0.7144730091094971,"y":-0.0052471766248345379,"z":0.00535865081474185,"w":0.6996247172355652},"size":7.9920501708984379,"orthographic":false}