{"cameraMode":{"drawMode":0,"name":"Shaded","section":"Shading Mode"},"sceneLighting":true,"audioPlay":false,"sceneViewState":{"showFog":true,"showMaterialUpdate":false,"showSkybox":true,"showFlares":true,"showImageEffects":true,"showParticleSystems":true},"in2DMode":false,"pivot":{"x":-16.02891731262207,"y":3.641590118408203,"z":-19.8609619140625},"rotation":{"x":0.05664856359362602,"y":-0.20371511578559876,"z":0.011807562783360482,"w":0.9773200750350952},"size":24.751632690429689,"orthographic":false}